time,input,result,runtime
05-23-2023 22:13:25,happy,Joy & pride,0:00:00.087885
05-23-2023 22:48:26,happy,Joy & pride,0:00:00.085904
05-23-2023 22:48:46,happy,Joy & pride,0:00:00.074082
05-23-2023 22:49:19,happy,Joy & pride,0:00:00.075721
05-23-2023 22:50:14,happy,Joy & pride,0:00:00.079069
05-23-2023 22:50:46,today was bad. I'm fed up,Disappointment & embarrassment,0:00:00.076413
05-23-2023 22:51:27,today was bad. I'm fed up,Disappointment & embarrassment,0:00:00.080780
05-23-2023 22:51:41,today was bad. I'm fed up,Disappointment & embarrassment,0:00:00.081900
05-23-2023 22:52:01,today was bad. I'm fed up,Disappointment & embarrassment,0:00:00.076484
05-23-2023 22:52:03,today was bad. I'm fed up,Disappointment & embarrassment,0:00:00.081172
05-23-2023 22:52:47,today was bad. I'm fed up,Disappointment & embarrassment,0:00:00.078250
05-23-2023 22:52:54,today was bad. I'm fed up,Disappointment & embarrassment,0:00:00.076590
05-23-2023 22:53:12,today was bad. I'm fed up,Disappointment & embarrassment,0:00:00.078216
05-23-2023 22:53:14,today was bad. I'm fed up,Disappointment & embarrassment,0:00:00.097301
05-23-2023 22:53:26,today was bad. I'm fed up,Disappointment & embarrassment,0:00:00.076052
05-23-2023 22:53:35,today was bad. I'm fed up,Disappointment & embarrassment,0:00:00.097156
05-23-2023 22:53:51,today was bad. I'm fed up,Disappointment & embarrassment,0:00:00.073197
05-23-2023 22:54:07,happy,Joy & pride,0:00:00.072453
